[{"id":"user-image-pngwing.com1.png","publicUrl":"np://user.desktop.nicepage.com/Site_2378320488/images/pngwing.com1.png","size":90900,"hash":"brV27rn//tVtowA9R6/HGmUmU+g=","fileName":"pngwing.com1.png","name":"pngwing.com1","width":881,"height":887,"thumbnail":{"url":"np://user.desktop.nicepage.com/Site_2378320488/images/thumbnails/pngwing.com1.png","width":248,"height":250},"folderId":null,"usages":[]},{"id":"user-image-453871929_1813884579136246_5662859218486316749_n.jpg","publicUrl":"np://user.desktop.nicepage.com/Site_2378320488/images/453871929_1813884579136246_5662859218486316749_n.jpg","size":88071,"hash":"0w89QBeuzsSJFsLrZ/+RLPwQI7A=","fileName":"453871929_1813884579136246_5662859218486316749_n.jpg","name":"453871929_1813884579136246_5662859218486316749_n","width":960,"height":636,"thumbnail":{"url":"np://user.desktop.nicepage.com/Site_2378320488/images/thumbnails/453871929_1813884579136246_5662859218486316749_n.jpg","width":250,"height":166},"folderId":null,"usages":["391914712"]},{"id":"user-image-454034344_1813884575802913_5824533732043254819_n.jpg","publicUrl":"np://user.desktop.nicepage.com/Site_2378320488/images/454034344_1813884575802913_5824533732043254819_n.jpg","size":147760,"hash":"kQuLBX4f3XX+nG50WUUiyCvs9dY=","fileName":"454034344_1813884575802913_5824533732043254819_n.jpg","name":"454034344_1813884575802913_5824533732043254819_n","width":960,"height":720,"thumbnail":{"url":"np://user.desktop.nicepage.com/Site_2378320488/images/thumbnails/454034344_1813884575802913_5824533732043254819_n.jpg","width":250,"height":188},"folderId":null,"usages":["391914712"]},{"id":"user-image-354264449_733259412138454_4897533963450694357_n.jpg","publicUrl":"np://user.desktop.nicepage.com/Site_2378320488/images/354264449_733259412138454_4897533963450694357_n.jpg","size":125102,"hash":"8uHYEFpiRn0AoO1h2toCkcjrWUs=","fileName":"354264449_733259412138454_4897533963450694357_n.jpg","name":"354264449_733259412138454_4897533963450694357_n","width":1080,"height":608,"thumbnail":{"url":"np://user.desktop.nicepage.com/Site_2378320488/images/thumbnails/354264449_733259412138454_4897533963450694357_n.jpg","width":250,"height":141},"folderId":null,"usages":["391914712"]},{"id":"user-image-141075228_3870254569702221_8154979096496313746_n.jpg","publicUrl":"np://user.desktop.nicepage.com/Site_2378320488/images/141075228_3870254569702221_8154979096496313746_n.jpg","size":106567,"hash":"XjF7yPqW+g42KO59H53bpCYI6zQ=","fileName":"141075228_3870254569702221_8154979096496313746_n.jpg","name":"141075228_3870254569702221_8154979096496313746_n","width":960,"height":720,"thumbnail":{"url":"np://user.desktop.nicepage.com/Site_2378320488/images/thumbnails/141075228_3870254569702221_8154979096496313746_n.jpg","width":250,"height":188},"folderId":null,"usages":["391914712"]},{"id":"user-image-cuy.jpg","publicUrl":"np://user.desktop.nicepage.com/Site_2378320488/images/cuy.jpg","size":44269,"hash":"MUMqDnHJK3rr3PwHo5sB3kDm7UI=","fileName":"cuy.jpg","name":"cuy","width":513,"height":540,"thumbnail":{"url":"np://user.desktop.nicepage.com/Site_2378320488/images/thumbnails/cuy.jpg","width":238,"height":250},"folderId":null,"usages":["391914712"]},{"id":"user-image-296294048_5559006337493694_5512261079438465378_n.jpg","publicUrl":"np://user.desktop.nicepage.com/Site_2378320488/images/296294048_5559006337493694_5512261079438465378_n.jpg","size":153427,"hash":"39DmSHS3eykvod1ml7ltxgz1cUA=","fileName":"296294048_5559006337493694_5512261079438465378_n.jpg","name":"296294048_5559006337493694_5512261079438465378_n","width":940,"height":994,"thumbnail":{"url":"np://user.desktop.nicepage.com/Site_2378320488/images/thumbnails/296294048_5559006337493694_5512261079438465378_n.jpg","width":236,"height":250},"folderId":null,"usages":["391914712"]},{"id":"user-image-IMG_8116.JPG","publicUrl":"np://user.desktop.nicepage.com/Site_2378320488/images/IMG_8116.JPG","size":486933,"hash":"B7GuX68xRFPc6/2exc+ls02TbrU=","fileName":"IMG_8116.JPG","name":"IMG_8116","width":1600,"height":1067,"thumbnail":{"url":"np://user.desktop.nicepage.com/Site_2378320488/images/thumbnails/IMG_8116.JPG","width":250,"height":167},"folderId":null,"usages":["391914712"]},{"id":"user-image-baos.jpg","publicUrl":"np://user.desktop.nicepage.com/Site_2378320488/images/baos.jpg","size":126636,"hash":"ywqrqM24pJoo6F0qOL/KZvlafM8=","fileName":"baos.jpg","name":"baos","width":956,"height":784,"thumbnail":{"url":"np://user.desktop.nicepage.com/Site_2378320488/images/thumbnails/baos.jpg","width":250,"height":205},"folderId":null,"usages":["391914712"]},{"id":"user-image-curayaku.jpg","publicUrl":"np://user.desktop.nicepage.com/Site_2378320488/images/curayaku.jpg","size":476009,"hash":"uwcvfC6G1s5SRS7ppJZTzmeD+pA=","fileName":"curayaku.jpg","name":"curayaku","width":1536,"height":2048,"thumbnail":{"url":"np://user.desktop.nicepage.com/Site_2378320488/images/thumbnails/curayaku.jpg","width":188,"height":250},"folderId":null,"usages":["391914712"]},{"id":"user-image-cedros.jpg","publicUrl":"np://user.desktop.nicepage.com/Site_2378320488/images/cedros.jpg","size":155743,"hash":"iAQqdbDjrFARc0AX7NLpa5dDs+8=","fileName":"cedros.jpg","name":"cedros","width":960,"height":947,"thumbnail":{"url":"np://user.desktop.nicepage.com/Site_2378320488/images/thumbnails/cedros.jpg","width":250,"height":247},"folderId":null,"usages":["391914712"]},{"id":"user-image-photo-1635424237802-28e4ad8728bc.jpeg","publicUrl":"np://user.desktop.nicepage.com/Site_2378320488/images/photo-1635424237802-28e4ad8728bc.jpeg","size":94099,"hash":"waoRRlfZle32Wf6NeA7Cn/HpFpw=","fileName":"photo-1635424237802-28e4ad8728bc.jpeg","name":"photo-1635424237802-28e4ad8728bc","width":1080,"height":1620,"thumbnail":{"url":"np://user.desktop.nicepage.com/Site_2378320488/images/thumbnails/photo-1635424237802-28e4ad8728bc.jpeg","width":167,"height":250},"folderId":null,"originalUrl":"https://images.unsplash.com/photo-1635424237802-28e4ad8728bc?crop=entropy&cs=tinysrgb&fit=max&fm=jpg&ixid=M3w1NzgzNjl8MHwxfHNlYXJjaHw2fHxkZXNjcmlwdGlvbnxlbnwwfHx8fDE3MzQ0NDIyMjd8MA&ixlib=rb-4.0.3&q=80&w=1080","usages":["391914712"]},{"id":"user-image-photo-1634926680349-8b169c01d444.jpeg","publicUrl":"np://user.desktop.nicepage.com/Site_2378320488/images/photo-1634926680349-8b169c01d444.jpeg","size":387058,"hash":"972Mwowhq53CjJeZyQtGEcWvFPU=","fileName":"photo-1634926680349-8b169c01d444.jpeg","name":"photo-1634926680349-8b169c01d444","width":1080,"height":1620,"thumbnail":{"url":"np://user.desktop.nicepage.com/Site_2378320488/images/thumbnails/photo-1634926680349-8b169c01d444.jpeg","width":167,"height":250},"folderId":null,"originalUrl":"https://images.unsplash.com/photo-1634926680349-8b169c01d444?crop=entropy&cs=tinysrgb&fit=max&fm=jpg&ixid=M3w1NzgzNjl8MHwxfHNlYXJjaHwxNXx8ZGVzY3JpcHRpb258ZW58MHx8fHwxNzM0NDQyMjI3fDA&ixlib=rb-4.0.3&q=80&w=1080","usages":["391914712"]},{"id":"user-image-photo-1682179790329-d6141a96ae24.jpeg","publicUrl":"np://user.desktop.nicepage.com/Site_2378320488/images/photo-1682179790329-d6141a96ae24.jpeg","size":198474,"hash":"pexByf8BrY7SKpFujFYypOtZl+4=","fileName":"photo-1682179790329-d6141a96ae24.jpeg","name":"photo-1682179790329-d6141a96ae24","width":1080,"height":1618,"thumbnail":{"url":"np://user.desktop.nicepage.com/Site_2378320488/images/thumbnails/photo-1682179790329-d6141a96ae24.jpeg","width":167,"height":250},"folderId":null,"originalUrl":"https://images.unsplash.com/photo-1682179790329-d6141a96ae24?crop=entropy&cs=tinysrgb&fit=max&fm=jpg&ixid=M3w1NzgzNjl8MHwxfHNlYXJjaHwyfHxkZXNjcmlwdGlvbnxlbnwwfHx8fDE3MzQ0NDIyMjd8MA&ixlib=rb-4.0.3&q=80&w=1080","usages":["391914712"]},{"id":"user-image-photo-1672400853580-4fa730cbce0f.jpeg","publicUrl":"np://user.desktop.nicepage.com/Site_2378320488/images/photo-1672400853580-4fa730cbce0f.jpeg","size":264765,"hash":"J+tsTkf3ZlRCPbcM9K9mViQqVyc=","fileName":"photo-1672400853580-4fa730cbce0f.jpeg","name":"photo-1672400853580-4fa730cbce0f","width":1080,"height":1620,"thumbnail":{"url":"np://user.desktop.nicepage.com/Site_2378320488/images/thumbnails/photo-1672400853580-4fa730cbce0f.jpeg","width":167,"height":250},"folderId":null,"originalUrl":"https://images.unsplash.com/photo-1672400853580-4fa730cbce0f?crop=entropy&cs=tinysrgb&fit=max&fm=jpg&ixid=M3w1NzgzNjl8MHwxfHNlYXJjaHwxNnx8ZGVzY3JpcHRpb258ZW58MHx8fHwxNzM0NDQyMjI3fDA&ixlib=rb-4.0.3&q=80&w=1080","usages":["391914712"]},{"id":"user-image-photo-1711238440853-97bb65ca7589.jpeg","publicUrl":"np://user.desktop.nicepage.com/Site_2378320488/images/photo-1711238440853-97bb65ca7589.jpeg","size":189787,"hash":"qK9Ztm2g9jM3DNyOmxngqwdWJiY=","fileName":"photo-1711238440853-97bb65ca7589.jpeg","name":"photo-1711238440853-97bb65ca7589","width":1080,"height":675,"thumbnail":{"url":"np://user.desktop.nicepage.com/Site_2378320488/images/thumbnails/photo-1711238440853-97bb65ca7589.jpeg","width":250,"height":156},"folderId":null,"originalUrl":"https://images.unsplash.com/photo-1711238440853-97bb65ca7589?crop=entropy&cs=tinysrgb&fit=max&fm=jpg&ixid=M3w1NzgzNjl8MHwxfHNlYXJjaHwxOHx8ZGVzY3JpcHRpb258ZW58MHx8fHwxNzM0NDQyMjI3fDA&ixlib=rb-4.0.3&q=80&w=1080","usages":["391914712"]},{"id":"user-image-photo-1635265148147-397422359c11.jpeg","publicUrl":"np://user.desktop.nicepage.com/Site_2378320488/images/photo-1635265148147-397422359c11.jpeg","size":221653,"hash":"DrqTua4owHwTCdz9all+jfmlBso=","fileName":"photo-1635265148147-397422359c11.jpeg","name":"photo-1635265148147-397422359c11","width":1080,"height":1620,"thumbnail":{"url":"np://user.desktop.nicepage.com/Site_2378320488/images/thumbnails/photo-1635265148147-397422359c11.jpeg","width":167,"height":250},"folderId":null,"originalUrl":"https://images.unsplash.com/photo-1635265148147-397422359c11?crop=entropy&cs=tinysrgb&fit=max&fm=jpg&ixid=M3w1NzgzNjl8MHwxfHNlYXJjaHwyMHx8ZGVzY3JpcHRpb258ZW58MHx8fHwxNzM0NDQyMjI3fDA&ixlib=rb-4.0.3&q=80&w=1080","usages":["391914712"]},{"id":"user-image-photo-1672400853654-eee44443bfb1.jpeg","publicUrl":"np://user.desktop.nicepage.com/Site_2378320488/images/photo-1672400853654-eee44443bfb1.jpeg","size":187007,"hash":"AW8qDE2j/l9gf9o3BIUnLd591Bg=","fileName":"photo-1672400853654-eee44443bfb1.jpeg","name":"photo-1672400853654-eee44443bfb1","width":1080,"height":1620,"thumbnail":{"url":"np://user.desktop.nicepage.com/Site_2378320488/images/thumbnails/photo-1672400853654-eee44443bfb1.jpeg","width":167,"height":250},"folderId":null,"originalUrl":"https://images.unsplash.com/photo-1672400853654-eee44443bfb1?crop=entropy&cs=tinysrgb&fit=max&fm=jpg&ixid=M3w1NzgzNjl8MHwxfHNlYXJjaHwxMXx8ZGVzY3JpcHRpb258ZW58MHx8fHwxNzM0NDQyMjI3fDA&ixlib=rb-4.0.3&q=80&w=1080","usages":["391914712"]},{"id":"user-image-photo-1672519650949-198d2cf0417b.jpeg","publicUrl":"np://user.desktop.nicepage.com/Site_2378320488/images/photo-1672519650949-198d2cf0417b.jpeg","size":171858,"hash":"rSBRYBsfP5oJzw+QJbjI8SVdgFU=","fileName":"photo-1672519650949-198d2cf0417b.jpeg","name":"photo-1672519650949-198d2cf0417b","width":1080,"height":720,"thumbnail":{"url":"np://user.desktop.nicepage.com/Site_2378320488/images/thumbnails/photo-1672519650949-198d2cf0417b.jpeg","width":250,"height":167},"folderId":null,"originalUrl":"https://images.unsplash.com/photo-1672519650949-198d2cf0417b?crop=entropy&cs=tinysrgb&fit=max&fm=jpg&ixid=M3w1NzgzNjl8MHwxfHNlYXJjaHw1fHxkZXNjcmlwdGlvbnxlbnwwfHx8fDE3MzQ0NDIyMjd8MA&ixlib=rb-4.0.3&q=80&w=1080","usages":["391914712"]},{"id":"user-image-photo-1634304497915-2c7d3fad417e.jpeg","publicUrl":"np://user.desktop.nicepage.com/Site_2378320488/images/photo-1634304497915-2c7d3fad417e.jpeg","size":109579,"hash":"l2pszew0FmbzzwwxxQSpwJkT5fc=","fileName":"photo-1634304497915-2c7d3fad417e.jpeg","name":"photo-1634304497915-2c7d3fad417e","width":1080,"height":1620,"thumbnail":{"url":"np://user.desktop.nicepage.com/Site_2378320488/images/thumbnails/photo-1634304497915-2c7d3fad417e.jpeg","width":167,"height":250},"folderId":null,"originalUrl":"https://images.unsplash.com/photo-1634304497915-2c7d3fad417e?crop=entropy&cs=tinysrgb&fit=max&fm=jpg&ixid=M3w1NzgzNjl8MHwxfHNlYXJjaHwxMHx8ZGVzY3JpcHRpb258ZW58MHx8fHwxNzM0NDQyMjI3fDA&ixlib=rb-4.0.3&q=80&w=1080","usages":["391914712"]},{"id":"user-image-photo-1672400853593-a57147b50688.jpeg","publicUrl":"np://user.desktop.nicepage.com/Site_2378320488/images/photo-1672400853593-a57147b50688.jpeg","size":267549,"hash":"arDt1yAYKZZ6jRWq4KSftDFMDwE=","fileName":"photo-1672400853593-a57147b50688.jpeg","name":"photo-1672400853593-a57147b50688","width":1080,"height":1620,"thumbnail":{"url":"np://user.desktop.nicepage.com/Site_2378320488/images/thumbnails/photo-1672400853593-a57147b50688.jpeg","width":167,"height":250},"folderId":null,"originalUrl":"https://images.unsplash.com/photo-1672400853593-a57147b50688?crop=entropy&cs=tinysrgb&fit=max&fm=jpg&ixid=M3w1NzgzNjl8MHwxfHNlYXJjaHw0fHxkZXNjcmlwdGlvbnxlbnwwfHx8fDE3MzQ0NDIyMjd8MA&ixlib=rb-4.0.3&q=80&w=1080","usages":["391914712"]},{"id":"user-image-photo-1635151947207-7bf5cba0fc60.jpeg","publicUrl":"np://user.desktop.nicepage.com/Site_2378320488/images/photo-1635151947207-7bf5cba0fc60.jpeg","size":40747,"hash":"rmO0HqHOA/w1FOLnTq/omOtSsnQ=","fileName":"photo-1635151947207-7bf5cba0fc60.jpeg","name":"photo-1635151947207-7bf5cba0fc60","width":1080,"height":720,"thumbnail":{"url":"np://user.desktop.nicepage.com/Site_2378320488/images/thumbnails/photo-1635151947207-7bf5cba0fc60.jpeg","width":250,"height":167},"folderId":null,"originalUrl":"https://images.unsplash.com/photo-1635151947207-7bf5cba0fc60?crop=entropy&cs=tinysrgb&fit=max&fm=jpg&ixid=M3w1NzgzNjl8MHwxfHNlYXJjaHw5fHxkZXNjcmlwdGlvbnxlbnwwfHx8fDE3MzQ0NDIyMjd8MA&ixlib=rb-4.0.3&q=80&w=1080","usages":["391914712"]}]